{
    "observation.state": {
        "min": [
            -34.03445816040039,
            -16.35269546508789,
            26.865142822265625,
            -102.55206298828125,
            -129.90553283691406,
            -99.1937026977539,
            5.382704330259003e-05
        ],
        "max": [
            25.02811050415039,
            11.293495178222656,
            99.91863250732422,
            -89.98129272460938,
            -65.8399887084961,
            2.5963350708479993e-05,
            0.0002668992383405566
        ],
        "mean": [
            16.190204620361328,
            -10.798840522766113,
            91.55055236816406,
            -91.18897247314453,
            -69.88715362548828,
            -56.762630462646484,
            0.00024186672817450017
        ],
        "std": [
            19.70174789428711,
            8.231731414794922,
            18.68308448791504,
            3.3692080974578857,
            10.513314247131348,
            23.013662338256836,
            6.042226596036926e-05
        ],
        "count": [
            1768
        ],
        "q01": [
            -34.03445816040039,
            -14.367657780343476,
            37.66995632465069,
            -102.55206298828125,
            -124.25577130126953,
            -93.90985107421875,
            5.3826945077162236e-05
        ],
        "q10": [
            -28.34102290471395,
            -14.367048578843516,
            52.02573903401693,
            -96.56590639750162,
            -82.26166581373948,
            -64.99025290005756,
            0.00012814587098546325
        ],
        "q50": [
            25.020878038908307,
            -14.36434101662147,
            99.9096882574446,
            -89.9852788075856,
            -65.84783069050543,
            -64.9805342602928,
            0.0002668732237083698
        ],
        "q90": [
            25.026664011101975,
            7.993349431355794,
            99.9168436573483,
            -89.98405711311187,
            -65.84155710489796,
            -0.014594755986084538,
            0.00026689410526331233
        ],
        "q99": [
            25.027965854845547,
            11.262770125071208,
            99.91845362232662,
            -89.98260192871093,
            -65.84014554813628,
            -0.0014361085289468396,
            0.00026689880361317444
        ]
    },
    "action": {
        "min": [
            -0.000762939453125,
            -13.80514907836914,
            -22.323699951171875,
            -0.000823974609375,
            -21.541236877441406,
            -40.972747802734375,
            -6.0172766097821295e-05
        ],
        "max": [
            3.2124814987182617,
            2.392894744873047,
            8.64564323425293,
            0.8520660400390625,
            4.1379852294921875,
            2.4261550903320312,
            3.066334465984255e-05
        ],
        "mean": [
            0.03340599313378334,
            -0.012482761405408382,
            0.030240552499890327,
            0.007107380777597427,
            0.005869956221431494,
            -0.03675755858421326,
            1.2051594922013464e-07
        ],
        "std": [
            0.22102563083171844,
            0.4289088845252991,
            0.7023678421974182,
            0.07054534554481506,
            0.6675489544868469,
            1.2655986547470093,
            1.9919759779440938e-06
        ],
        "count": [
            1768
        ],
        "q01": [
            -0.00011405847169632135,
            -0.0896816635131836,
            -0.0009446691468704578,
            -0.00014119912830476718,
            -0.5783629608154297,
            -0.004126367036405485,
            -2.7196431399842855e-09
        ],
        "q10": [
            -5.46059759636951e-05,
            -0.0008805465698242187,
            -0.00037155328794967295,
            -0.00012543700641111992,
            -0.0010396276518355968,
            -0.00333136831403259,
            -1.0388857633590178e-09
        ],
        "q50": [
            0.00020962733840353267,
            0.00045146942138671884,
            0.0021756283072538155,
            -5.538313132824332e-05,
            0.0010723058567490688,
            0.000201959340958055,
            6.431147021642172e-09
        ],
        "q90": [
            0.0004738606527707605,
            0.0017834854125976561,
            0.004722809902457304,
            1.4670743754633314e-05,
            0.003184239365333735,
            0.0037352869959486994,
            1.3901179806643363e-08
        ],
        "q99": [
            1.5032410764694213,
            0.3076239013671873,
            1.9025027465820308,
            0.2844370210170746,
            2.172600631713867,
            1.2918789672851556,
            3.164019581163301e-06
        ]
    },
    "timestamp": {
        "min": [
            0.0
        ],
        "max": [
            58.9
        ],
        "mean": [
            29.45
        ],
        "std": [
            17.01258521082423
        ],
        "count": [
            1768
        ],
        "q01": [
            0.5734503999019471
        ],
        "q10": [
            5.875863999919952
        ],
        "q50": [
            29.438219999999962
        ],
        "q90": [
            53.02413600008004
        ],
        "q99": [
            58.32654960009805
        ]
    },
    "frame_index": {
        "min": [
            0
        ],
        "max": [
            1767
        ],
        "mean": [
            883.5
        ],
        "std": [
            510.3775563247271
        ],
        "count": [
            1768
        ],
        "q01": [
            17.20351199990195
        ],
        "q10": [
            176.27591999991998
        ],
        "q50": [
            883.1465999999999
        ],
        "q90": [
            1590.72408000008
        ],
        "q99": [
            1749.7964880000982
        ]
    },
    "episode_index": {
        "min": [
            0
        ],
        "max": [
            0
        ],
        "mean": [
            0.0
        ],
        "std": [
            0.0
        ],
        "count": [
            1768
        ],
        "q01": [
            3.9999999999994176e-16
        ],
        "q10": [
            3.999999999999417e-15
        ],
        "q50": [
            1.9999999999997088e-14
        ],
        "q90": [
            3.599999999999476e-14
        ],
        "q99": [
            3.9599999999994235e-14
        ]
    },
    "index": {
        "min": [
            0
        ],
        "max": [
            1767
        ],
        "mean": [
            883.5
        ],
        "std": [
            510.3775563247271
        ],
        "count": [
            1768
        ],
        "q01": [
            17.20351199990195
        ],
        "q10": [
            176.27591999991998
        ],
        "q50": [
            883.1465999999999
        ],
        "q90": [
            1590.72408000008
        ],
        "q99": [
            1749.7964880000982
        ]
    },
    "task_index": {
        "min": [
            0
        ],
        "max": [
            0
        ],
        "mean": [
            0.0
        ],
        "std": [
            0.0
        ],
        "count": [
            1768
        ],
        "q01": [
            3.9999999999994176e-16
        ],
        "q10": [
            3.999999999999417e-15
        ],
        "q50": [
            1.9999999999997088e-14
        ],
        "q90": [
            3.599999999999476e-14
        ],
        "q99": [
            3.9599999999994235e-14
        ]
    },
    "observation.images.top": {
        "min": [
            [
                [
                    0.0784313725490196
                ]
            ],
            [
                [
                    0.0
                ]
            ],
            [
                [
                    0.0
                ]
            ]
        ],